<?xml version="1.0" encoding="utf-8"?>
<odoo>  

    <record model="ir.module.category" id="module_category_hospital">
        <field name="name">Set User Access</field>
        <field name="description">Access</field>
    </record>

    <record id="group_doctor_user" model="res.groups">
        <field name="name">Reception</field>
        <field name="category_id" ref="module_category_hospital"/>
        <field name="implied_ids" eval="[(4, ref('base.group_user'))]"/>
    </record>

    <record id="basic_hms.menu_medical_patient_code" model="ir.ui.menu">
        <field name="groups_id" eval="[(4, ref('basic_hms.group_doctor_user'))]"/>
    </record>

    <record id="group_chemist_user" model="res.groups">
        <field name="name">Doctor</field>
        <field name="category_id" ref="module_category_hospital"/>
        <field name="implied_ids" eval="[(4, ref('base.group_user'))]"/>
    </record>

     <record id="basic_hms.menu_doctor" model="ir.ui.menu">
        <field name="groups_id" eval="[(4, ref('basic_hms.group_chemist_user'))]"/>
    </record>

    <record id="group_appointment_user" model="res.groups">
        <field name="name">Appointment</field>
        <field name="category_id" ref="module_category_hospital"/>
        <field name="implied_ids" eval="[(4, ref('base.group_user'))]"/>
    </record>

     <record id="basic_hms.menu_appointment" model="ir.ui.menu">
        <field name="groups_id" eval="[(4, ref('basic_hms.group_appointment_user'))]"/>
    </record>

    <record id="group_prescription_user" model="res.groups">
        <field name="name">Prescription</field>
        <field name="category_id" ref="module_category_hospital"/>
        <field name="implied_ids" eval="[(4, ref('base.group_user'))]"/>
    </record>

     <record id="basic_hms.menu_prescription" model="ir.ui.menu">
        <field name="groups_id" eval="[(4, ref('basic_hms.group_prescription_user'))]"/>
    </record>

    <record id="group_laboratory_user" model="res.groups">
        <field name="name">Laboratory</field>
        <field name="category_id" ref="module_category_hospital"/>
        <field name="implied_ids" eval="[(4, ref('base.group_user'))]"/>
    </record>

     <record id="basic_hms.sub_menu_draft_req" model="ir.ui.menu">
        <field name="groups_id" eval="[(4, ref('basic_hms.group_laboratory_user'))]"/>
    </record>

    <record id="basic_hms.sub_menu_today_draft_req" model="ir.ui.menu">
        <field name="groups_id" eval="[(4, ref('basic_hms.group_laboratory_user'))]"/>
    </record>

    <record id="basic_hms.menu_lab_requests" model="ir.ui.menu">
        <field name="groups_id" eval="[(4, ref('basic_hms.group_laboratory_user'))]"/>
    </record>
    
</odoo>